10000,-66.00242349023131
10001,451.4065044011541
10002,-461.6764170602992
10003,40.50120875372423
10004,-126.74472245403827
10005,-342.5345518192522
10006,-396.55554211358856
10007,335.54127907908855
10008,-99.51242087062448
10009,304.8125398062761
10010,68.89453048978625
10011,412.36919545590797
10012,54.942371024767475
10013,-17.005550754779577
10014,-597.8499575722619
10015,443.5022887864153
10016,144.77448697804368
10017,-57.41116367253804
10018,134.38782757746304
10019,-108.983775989109
10020,153.82482842506806
10021,611.7359836022036
10022,588.3896503384227
10023,-131.01679995801985
10024,-61.13562114122843
10025,-374.2484953169734
10026,74.15799307965457
10027,137.43837873610403
10028,420.0866117967905
10029,196.76562571344502
10030,268.4428498005332
10031,638.4749102511099
10032,127.37873138691806
10033,1.3491187584007733
10034,22.710453177407437
10035,342.2395345225658
10036,307.703966974173
10037,348.1382087009415
10038,-168.6528613073535
10039,-20.221130904617596
10040,-551.7499275731109
10041,-429.97180406674283
10042,261.8919587067432
10043,389.82042612922146
10044,-96.16562227356584
10045,-210.71080125632687
10046,278.88186878401325
10047,-427.4533010310495
10048,-172.90325291756952
10049,467.2643783557854
10050,-631.55873558744
10051,-355.53165933817866
10052,143.17327553860434
10053,69.1992025989411
10054,275.5882739767276
10055,-263.1886122041041
10056,167.49830723241143
10057,104.57789589014169
10058,230.07008661007788
10059,20.98802664457638
10060,-4.822581262502326
10061,-201.92294081063756
10062,560.063926565771
10063,55.2884762524483
10064,671.3015746918354
10065,-493.748738285229
10066,-279.3530367325921
10067,-53.71252761314632
10068,379.69819550097606
10069,315.0714108579841
10070,169.1300173261426
10071,-271.59930326901133
10072,783.8022226750344
10073,44.57731151554849
10074,57.40678005457865
10075,-161.07827414306814
10076,-220.66957847885774
10077,223.24129442929103
10078,352.6655955437565
10079,13.16329136626672
10080,-461.99414698573
10081,305.37214669142315
10082,-230.59656173861123
10083,359.07444324254493
10084,-430.26056337592206
10085,-115.5488220554644
10086,-88.9600638786744
10087,-488.2901898080431
10088,-139.35033854713603
10089,57.33880810852537
10090,-190.33624272166526
10091,-6.508092914823352
10092,189.2910777470181
10093,346.60367818565624
10094,871.6273206485921
10095,-147.01353738653933
10096,443.48993777943207
10097,-30.498432974438984
10098,185.4634575344591
10099,-119.91717151732793
10100,43.57523800180934
10101,58.31857155224418
10102,-197.1524682983989
10103,-70.47160678841252
10104,-342.8460532886672
10105,-29.233589873716895
10106,49.52292929610428
10107,-16.2461441379117
10108,33.77506926160845
10109,-68.88307748324053
10110,25.863399493696704
10111,-617.314284271697
10112,-185.90441301195068
10113,323.78310610938803
10114,-35.662195722126725
10115,-733.5297711613853
10116,-240.7385626473605
10117,-381.9731466242499
10118,75.31994462169521
10119,36.61032645911817
10120,-28.756270225023613
10121,-481.1606279685898
10122,408.85023042299093
10123,-765.0217471991641
10124,178.07269651637083
10125,-7.649879385671228
10126,134.79684623375792
10127,-477.45851421286994
10128,-248.70625301323668
10129,-361.8846572238653
10130,-18.7556117485544
10131,7.795604374435071
10132,-109.10598972538511
10133,-63.073745242195166
10134,591.8231837349163
10135,259.6126336966301
10136,-279.86583200876737
10137,93.22535940051861
10138,-427.28731541913567
10139,84.38656633089813
10140,-311.5446306441577
10141,11.419268612560728
10142,-297.8314684235848
10143,-331.9289709686446
10144,656.0132305257329
10145,-476.662681365055
10146,361.19404513377424
10147,-150.1852686119238
10148,299.94671902432617
10149,-191.72143219270663
10150,151.9499951161196
10151,-64.67275781576629
10152,351.24486163063307
10153,-370.63644575627234
10154,349.22498178611124
10155,273.5246096168016
10156,783.1971843196887
10157,-124.23788973573801
10158,-155.22004432990883
10159,-506.95564938641195
10160,201.6932123856155
10161,-415.17405715963696
10162,-348.16510516956635
10163,-201.95224108681023
10164,-658.9504470533368
10165,179.34640168171455
10166,124.06925816168769
10167,-209.1502535520168
10168,213.70513477400632
10169,-82.11721023809037
10170,-97.11026989727128
10171,124.26800574648004
10172,50.28991565714338
10173,538.7439592813375
10174,630.0175345543372
10175,217.25927782654446
10176,-491.7337413267087
10177,-131.14175113883394
10178,362.39302241729445
10179,-14.3630380554077
10180,-30.261757361676715
10181,-107.32358076729861
10182,-334.06259292967195
10183,299.5063996464324
10184,-103.4722148450546
10185,179.82049946719508
10186,122.20070887900745
10187,86.58037161690766
10188,386.4825605669927
10189,-613.3611745045839
10190,-269.81638738346203
10191,260.73145126228735
10192,-44.62016128042819
10193,-159.1571757641664
10194,-145.24559879357417
10195,447.2282148759997
10196,476.3569859695953
10197,121.79421345327137
10198,-1.5356790561057927
10199,410.74409653878024
10200,90.82809979964733
10201,150.0733695684496
10202,24.033652961547915
10203,273.886634053629
10204,-154.52926038025313
10205,42.58890150706624
10206,617.3417063168574
10207,38.93936076142714
10208,-91.43610119490403
10209,225.35327477390987
10210,151.05827577085495
10211,-86.91664773646104
10212,-101.71788958007193
10213,161.93776502605502
10214,357.87041410354504
10215,32.14597818655406
10216,-379.1453992002926
10217,-165.94213222367284
10218,257.45392169454135
10219,-124.83850779184243
10220,47.08451472299156
10221,-67.05065138980338
10222,287.17334413416484
10223,836.2674277701622
10224,-78.73329260205588
10225,-293.00922915219576
10226,284.9163264622565
10227,377.9514320082294
10228,-473.9426195897224
10229,-538.8094549766047
10230,-372.9047504031887
10231,-83.37700889968724
10232,157.46205951911188
10233,167.50291456151177
10234,-105.69040574319547
10235,561.1616879176289
10236,-149.35531895746874
10237,196.96680512352322
10238,-33.819911727580774
10239,5.19941988233765
10240,-121.70842296063299
10241,53.47357981737763
10242,531.2918938411237
10243,-157.6026225893763
10244,-183.77196239261227
10245,643.8322464256652
10246,17.78030601012938
10247,-92.07939719460143
10248,485.4931646050768
10249,-221.23657860794043
10250,490.6065050484623
10251,-43.67715915424907
10252,139.93322987117637
10253,207.5044744276115
10254,17.092647024359195
10255,-396.47203316052895
10256,-168.30166761529355
10257,-75.5932410012449
10258,-292.0735078007689
10259,-59.373665346632194
10260,247.36904706438497
10261,206.8311275818557
10262,17.462464464079744
10263,-181.81148500657002
10264,300.1761509454841
10265,-567.6387247955897
10266,311.59327285263487
10267,-9.9295118354936
10268,161.4078230454786
10269,272.3855992297242
10270,55.12245741942518
10271,-15.278267412196833
10272,286.4023019429028
10273,387.8886119434741
10274,-148.57888863638593
10275,171.95235244839674
10276,-411.57059222267907
10277,213.80253827075165
10278,133.93002437371692
10279,-99.01717750124294
10280,-162.41724224558112
10281,-39.07419011347821
10282,-295.1584521832402
10283,141.3248135435959
10284,163.05983005334434
10285,-55.455401462416845
10286,-145.74067609352198
10287,16.35046243635371
10288,-364.2985584828274
10289,558.6630187376711
10290,40.05066121900805
10291,67.63734504296941
10292,559.840084655467
10293,469.80694715741686
10294,-149.4998010545304
10295,-328.8227866996964
10296,425.7713170466754
10297,85.50466241179302
10298,-166.91553705584937
10299,-662.2984070393496
10300,50.28039165300362
10301,-11.355718332960265
10302,-451.8112644495333
10303,78.6728331341309
10304,-386.8187999173564
10305,-273.22738305237334
10306,352.01504544002296
10307,-263.8480409181033
10308,-214.73022299361074
10309,-84.88115489738502
10310,745.883279125423
10311,-418.97510845227487
10312,739.1991251661941
10313,-469.07742635294704
10314,481.82984486567136
10315,363.2079747874399
10316,-270.25304182071903
10317,-399.5921247161326
10318,234.45728030706576
10319,-38.73469357032707
10320,238.36874871850728
10321,28.69744199018376
10322,238.23095785965415
10323,-130.0074403000007
10324,-681.2945617788486
10325,61.58065295954398
10326,-444.9298506709596
10327,-14.713208392840215
10328,680.4767823428574
10329,288.732606493766
10330,839.970490155673
10331,416.6574765191816
10332,167.3560372891585
10333,-86.7795378670666
10334,332.7699676004357
10335,-201.334430934253
10336,-43.625082987841395
10337,-107.90237779609652
10338,-284.0357380251713
10339,232.6085571783266
10340,237.83315171540127
10341,74.39980567720336
10342,255.51770406364528
10343,-168.64961928561036
10344,68.56334601629045
10345,-365.4419817252613
10346,189.70649886094643
10347,-369.83324976671025
10348,-250.9002439023796
10349,76.31355019623162
10350,-344.945509233777
10351,-187.42339326812652
10352,482.169756982522
10353,125.75266972885986
10354,450.6919437521874
10355,216.1761901820816
10356,34.341935719304544
10357,57.511455961215546
10358,-211.41949894712673
10359,49.7624918094931
10360,76.11104020758387
10361,-29.196254490440126
10362,33.04895852873682
10363,364.5627121630999
10364,234.48280987315354
10365,-21.796554859091955
10366,-476.93787704780135
10367,43.56765899304565
10368,-310.95721366517057
10369,-46.94111622603688
10370,181.19558107133577
10371,-214.96242982007126
10372,-80.22706031522142
10373,841.2082291657398
10374,102.35678708587048
10375,37.29773804688155
10376,77.39818275960346
10377,435.7945214936921
10378,111.39479265155629
10379,-128.82922415387418
10380,573.0501210583975
10381,48.6024680779114
10382,-68.55414659218769
10383,56.68162450582963
10384,-360.30993199943987
10385,131.90192283450432
10386,-264.5258976334304
10387,-378.7932497249936
10388,-190.09929259976622
10389,862.9152130409639
10390,159.57649666231168
10391,514.0204635801454
10392,61.38766780340757
10393,720.8758958326589
10394,-450.9767310398023
10395,105.89444211999701
10396,-27.532603044003082
10397,-23.43556196677188
10398,331.2059982949475
10399,-156.02456394824006
10400,0.947701838559609
10401,17.232405165319186
10402,143.23908417021278
10403,53.226451390747826
10404,41.01334926979504
10405,-129.39255146834785
10406,430.91652104593186
10407,-427.9096196573562
10408,49.114004852093075
10409,-221.64758038918916
10410,-313.7597121868496
10411,115.24452244706896
10412,96.10097204453497
10413,-399.91598494242163
10414,-8.411407923563644
10415,733.184132437471
10416,-332.4267664916516
10417,83.67612042194456
10418,339.7927486554423
10419,-35.11570131451441
10420,38.204335433877986
10421,-606.19848905593
10422,194.27285338946228
10423,155.03155116158183
10424,-111.25647787348281
10425,-63.339371636517114
10426,403.9358187289637
10427,690.919430335862
10428,75.78129943645018
10429,-340.3154065235755
10430,-195.7615954269807
10431,40.445138708754655
10432,-137.6541879602927
10433,-95.67479658954477
10434,290.8435378725039
10435,568.4646813472782
10436,351.2186507540762
10437,194.71516658168466
10438,-312.1508420871934
10439,-518.310786872449
10440,-80.75158048061422
10441,-109.91053830578608
10442,491.41083647519747
10443,371.48514486049436
10444,343.8566446684353
10445,114.60785397368363
10446,-315.20442190988257
10447,83.10396509307023
10448,-82.59915101774197
10449,-182.2190272252776
10450,-294.9172924513043
10451,-294.2105553148693
10452,611.5470417356526
10453,-34.75613410359237
10454,-115.04157690057826
10455,263.27933790237773
10456,346.05651209283826
10457,194.61161526911104
10458,257.3561496384946
10459,-303.2080949271166
10460,-173.19591085705954
10461,-88.53983448578353
10462,137.60161200011413
10463,337.04864927806733
10464,155.72523460362692
10465,-250.2907929052397
10466,148.0634001514344
10467,333.68218860937725
10468,-260.3363923834268
10469,340.30790922791516
10470,224.6853557126957
10471,-607.2797170619318
10472,-54.859592940918276
10473,-685.0910817258439
10474,268.2582707785931
10475,108.79743563388308
10476,-233.16761717272152
10477,115.89088157850358
10478,75.28875461498484
10479,312.58695394034305
10480,78.42590704679544
10481,-509.63079643958366
10482,142.15294578474658
10483,-567.6096744598854
10484,99.19784411012995
10485,181.765693646811
10486,-27.407098394358854
10487,-646.8210508159771
10488,-261.632816250299
10489,-398.87688919781516
10490,-259.4107520561838
10491,-252.05740356799078
10492,-25.647967227333552
10493,-479.357949423141
10494,109.91068619022022
10495,161.9425796911399
10496,-436.807174239756
10497,-66.01220442256854
10498,-73.60538265407044
10499,51.002739446195605
10500,7.609681032165269
10501,-38.390486731083435
10502,493.59597060692886
10503,-303.44908054448706
10504,285.3630587606863
10505,236.93082121946333
10506,-112.90288738209128
10507,-104.9163970540467
10508,70.11071172015303
10509,-334.4021807746182
10510,-526.1520613513328
10511,26.69512668154151
10512,16.625076878906768
10513,-282.62391868623934
10514,-156.76438922324888
10515,-368.70385240105594
10516,87.26698388397256
10517,9.62196144939574
10518,159.33855433394925
10519,737.8354361900717
10520,-63.52561489683879
10521,253.3923454040685
10522,-195.47926226047926
10523,-233.60406275700626
10524,672.0430027603315
10525,161.0264781163405
10526,-86.92388588378256
10527,767.4499376317863
10528,300.1434547015425
10529,-264.6332621205324
10530,506.80692249836846
10531,413.7325757860609
10532,-227.9556542045864
10533,270.72182191824527
10534,166.2721453884304
10535,467.83594699529897
10536,691.0141927413331
10537,-235.1955016257752
10538,-204.49475633783527
10539,235.56549902567082
10540,481.50822898950366
10541,-404.2863716261717
10542,499.63459887902343
10543,-280.4236242835588
10544,349.63535701277357
10545,56.27921855932662
10546,377.7838241995521
10547,58.239294125083006
10548,424.2998121746498
10549,85.80041244154836
10550,-252.99288852458946
10551,172.8678449550206
10552,-190.10660020571603
10553,306.9642865236699
10554,-179.117664933425
10555,-155.77590494004784
10556,-208.75257057910903
10557,-257.4259780204176
10558,-187.88708045784526
10559,178.95968589803277
10560,769.2994246067663
10561,131.45400495646368
10562,-86.33605847725562
10563,-440.7896941287986
10564,522.2063378416929
10565,74.26044537058768
10566,-273.34519080824884
10567,23.885483202722583
10568,-140.88619011673694
10569,337.4418933254638
10570,63.42512024403199
10571,-78.12104360563896
10572,-209.4159615061073
10573,-354.3022169957893
10574,261.5495894072743
10575,252.78475303502236
10576,415.3327934963992
10577,-341.41062177496224
10578,-101.54306561728967
10579,-82.98003734434656
10580,-146.1918594508312
10581,-400.95700950885134
10582,114.68810161530747
10583,-318.40944917284196
10584,-27.12865111315216
10585,253.3920635503236
10586,-15.161597235909106
10587,490.27631015669994
10588,67.16055415515999
10589,-583.6536301606625
10590,566.8292227808817
10591,-659.7840206113433
10592,-280.3445865766317
10593,-618.4849576034645
10594,-403.08152177208206
10595,52.580795867776445
10596,154.13724781790566
10597,-187.1872458864595
10598,45.06432286401831
10599,389.8698024589776
10600,497.4944277009737
10601,-172.60466145696972
10602,-199.48804830691228
10603,146.3321354045888
10604,-745.9314211823649
10605,-230.9357823467964
10606,-157.73768823510517
10607,170.5558567216062
10608,58.528195791274236
10609,21.7782353770842
10610,-33.84543238859591
10611,527.0115321450185
10612,370.35979324782085
10613,-83.70884929336617
10614,-297.8667818275179
10615,379.6300416409051
10616,-194.49981867886316
10617,-59.08115423924022
10618,-59.050741456084126
10619,-265.79533104064103
10620,-488.3242148449642
10621,-28.1333168150952
10622,-110.89724251664038
10623,642.5198198743143
10624,-25.104958245575176
10625,368.27465472014785
10626,274.7992135270423
10627,416.52612933638454
10628,110.5732486798438
10629,561.3783520521685
10630,497.1437621157783
10631,-201.6098773445094
10632,-370.05229826158876
10633,731.057372423598
10634,-380.13707915516864
10635,-200.6025155052098
10636,272.0860118937552
10637,269.84058991076245
10638,-243.56399508534497
10639,-80.64209434586903
10640,-467.97701289855445
10641,384.10330917171507
10642,-158.51464076438134
10643,-321.1429089790818
10644,-72.30709812158364
10645,244.89650104863188
10646,-111.76687989927652
10647,-71.30354161628719
10648,-97.14900534513853
10649,387.99285294446435
10650,134.07976082545522
10651,-372.72453971834494
10652,-153.8973489141057
10653,376.055724678307
10654,-45.06699972728181
10655,29.111024201617923
10656,-164.3884137139254
10657,291.38028755702317
10658,-389.64290898924696
10659,-145.45381366072755
10660,276.50614199272513
10661,-134.0938109171908
10662,82.94811155481196
10663,143.77337061052742
10664,230.85377823040878
10665,649.8980469913492
10666,188.10011410399187
10667,170.77221614376282
10668,-533.847484479048
10669,-516.1349688253717
10670,-356.7869746721656
10671,480.90374320564933
10672,-54.53599296167687
10673,-272.6605720403796
10674,-89.16369341976628
10675,-97.4000408249617
10676,-264.2980377506262
10677,-558.8516759610413
10678,-18.223173989824417
10679,238.68337858798094
10680,-107.49682687897644
10681,-439.73714969227535
10682,-366.0873776204508
10683,540.4744022919012
10684,-335.91922953999085
10685,128.98481364662413
10686,-360.46505927788525
10687,-211.0145865681997
10688,115.70383605399766
10689,-723.6333562247727
10690,380.8939221056095
10691,24.30096980575355
10692,-145.3876145274098
10693,-157.2829561785377
10694,134.10336003673078
10695,215.95710077116405
10696,-310.20616373439026
10697,18.018883693842668
10698,-287.1696947296573
10699,-244.82888943623948
10700,-126.15190632103085
10701,-276.85103369720105
10702,-63.90282319538491
10703,-268.2907419843647
10704,80.99060618707634
10705,135.49197649147948
10706,265.8617173707381
10707,290.1533893185733
10708,72.857507069877
10709,-88.64501838284444
10710,-562.5238017086143
10711,-257.9685916645926
10712,-88.32818773227675
10713,-608.9048913545771
10714,16.648129846868216
10715,-117.9966414450876
10716,244.48813585825138
10717,60.961320646526545
10718,640.8504726114288
10719,15.07359265866171
10720,135.00644430477317
10721,39.523374533232115
10722,86.44560574134387
10723,20.337654615454454
10724,217.4424202319806
10725,-8.574845990247752
10726,172.3975873174004
10727,-326.0037487732917
10728,347.5813407240392
10729,128.95803909114693
10730,-379.7500886129545
10731,-134.706957056627
10732,153.5688851434232
10733,-72.12278608897039
10734,183.30848830572705
10735,-456.53877619138075
10736,152.27530162599584
10737,-20.658280599071702
10738,245.6223283546577
10739,776.4009728233572
10740,-320.14345296022657
10741,-479.3197082847784
10742,-69.75434860290768
10743,-372.0104531960515
10744,397.2822473818072
10745,94.97293025154117
10746,-545.8700939849757
10747,92.7173308480334
10748,456.62324679869823
10749,140.33519629203963
10750,-542.6167845034428
10751,33.25617847305639
10752,237.54555311936724
10753,-260.5147806037747
10754,-227.74117804894496
10755,-18.37420794464461
10756,357.23207935779214
10757,234.16866322379397
10758,309.04949086471663
10759,109.41620907268008
10760,297.0462771953382
10761,431.2827186897732
10762,-285.90275415168435
10763,-461.1231850605644
10764,458.84116852029354
10765,-35.13247865793461
10766,-138.9667786727794
10767,435.87811135413995
10768,-327.5517324812438
10769,-16.175842225601627
10770,32.68738315097086
10771,-143.11036093613382
10772,-82.91163796819359
10773,-26.395849579089628
10774,-295.90654248377075
10775,-300.9445513092784
10776,-157.0374617605622
10777,-444.1054251705692
10778,55.542959233744725
10779,136.0957334337379
10780,-59.93423441413793
10781,774.7869393558557
10782,-291.8214694025427
10783,449.65451335805295
10784,-231.20082491305314
10785,88.18058840405244
10786,511.6823816159458
10787,27.69891399185564
10788,69.71900343078607
10789,-684.0304286748215
10790,-181.16575418910702
10791,-592.2856835316286
10792,-326.3723044913691
10793,527.5739554313385
10794,-175.98223228892627
10795,555.3273243262514
10796,-40.062192569476736
10797,-242.90961184425714
10798,466.47500983221016
10799,209.72657821779967
10800,112.47399028633848
10801,655.9597092112741
10802,-253.67288201365136
10803,-143.14006436902665
10804,261.9090334491248
10805,-51.43052462098926
10806,-646.5343714931229
10807,-114.11730645512887
10808,126.14931118008052
10809,204.59346285899633
10810,-300.3936136583137
10811,-415.68674588953866
10812,6.449152884280067
10813,72.80107777482945
10814,160.66087208145285
10815,249.3116892918179
10816,-248.28534524656305
10817,7.8306299226127285
10818,-466.38382701666046
10819,290.1514440446014
10820,-309.0332065633402
10821,528.6916611956271
10822,372.4938479322538
10823,-328.0862663096863
10824,-94.65873407725095
10825,55.569194140457824
10826,67.34382419031749
10827,-533.6683812491317
10828,-128.10863350344857
10829,-542.9948584464195
10830,54.63463967257957
10831,182.66043483267813
10832,-41.29948573089222
10833,652.8127633917367
10834,-336.9657807378889
10835,99.96282019773787
10836,811.7900163367086
10837,-346.25211606529933
10838,103.69087960098383
10839,487.7360812633332
10840,120.8956910139905
10841,-324.3296740543693
10842,-136.41212971214634
10843,-41.92443003097691
10844,282.70298658023347
10845,345.6203289702048
10846,124.69798534752323
10847,-206.11335283373498
10848,155.93998583214125
10849,-443.76722994338564
10850,-273.34300340059673
10851,195.95033081854626
10852,-30.690040851400177
10853,86.56778659815367
10854,-312.2113618894974
10855,41.005246961458326
10856,307.6751801999475
10857,532.9059494214049
10858,260.16168056338086
10859,362.0055075337375
10860,101.32898120196651
10861,38.44129613989368
10862,20.2676747539033
10863,117.44024988074594
10864,573.6911827078569
10865,-507.5920585145019
10866,-211.76962671045698
10867,-78.39989740428214
10868,-319.5737676595743
10869,-267.44656441833405
10870,-780.8570319676246
10871,50.2299805564428
10872,-298.54901081716764
10873,23.39238652311792
10874,-76.29059741014885
10875,-257.59747046425366
10876,171.56436509796558
10877,-121.60078316249063
10878,-451.3737768554305
10879,81.13533884268347
10880,-212.55249317142733
10881,-3.534927229095161
10882,-408.255481000187
10883,-158.65133194465744
10884,238.39834201613144
10885,-133.03572327369858
10886,-266.0840826060646
10887,247.7427043819485
10888,347.96654428323785
10889,-511.31524281086695
10890,21.815871215018475
10891,-163.8414096422901
10892,-472.56083639704946
10893,-365.0082671512364
10894,272.4371379322404
10895,92.37376374891508
10896,491.80814568465155
10897,-200.03605813581055
10898,144.31490824987438
10899,-554.3580524200003
10900,-449.3575578941591
10901,565.0154801799613
10902,446.3187580746221
10903,309.69738818741405
10904,282.9279414077528
10905,176.1976281899673
10906,-315.1418517603804
10907,612.3377931152996
10908,274.2522312477322
10909,-19.436173058565288
10910,404.6254477705255
10911,47.26648142698481
10912,101.89624080960516
10913,98.14809562777748
10914,-231.35258244372204
10915,136.33612319164348
10916,-150.31005926794847
10917,461.1995499787888
10918,145.69015888427214
10919,-405.8237418755601
10920,-405.55256587509746
10921,213.6739436505612
10922,-204.80364027314374
10923,-118.57063791050993
10924,675.2302648290727
10925,145.16198786853357
10926,489.6870020199623
10927,-173.76557459369266
10928,89.6916846528361
10929,239.01179154230988
10930,-68.18000068660206
10931,93.66677561513184
10932,-196.55301722008554
10933,-711.7534447200959
10934,-104.1502399114892
10935,55.73003950123015
10936,74.24035058478742
10937,625.7495908769057
10938,234.98688486875454
10939,221.59294793875694
10940,61.93159175679415
10941,239.7364483344374
10942,-21.338081818316894
10943,180.16473629709031
10944,14.91862799549915
10945,-374.86568834825215
10946,-397.51492885840383
10947,114.66690843216253
10948,-269.616228798942
10949,0.1392122144908392
10950,-34.59484676069302
10951,72.73402122668108
10952,-188.80556313903787
10953,-365.5336719234543
10954,-67.5955225542663
10955,19.50117013917884
10956,212.7825901382342
10957,170.7228468826317
10958,48.75605588201972
10959,-239.44652279164694
10960,409.7382051551798
10961,399.86800565031024
10962,18.693100459976463
10963,165.76697195984374
10964,-124.38945349671162
10965,54.99452321278774
10966,640.4320745648706
10967,7.578792735556035
10968,-265.04763041001127
10969,1.6927330910942537
10970,18.517133621268087
10971,-248.85163930169307
10972,106.86193154650874
10973,251.6391431209094
10974,133.83773953640704
10975,-358.2669613769326
10976,426.2614473176423
10977,71.97842246974128
10978,-322.0875596252205
10979,438.84026750159484
10980,-40.132114491340815
10981,283.8035686529265
10982,-487.9061953325879
10983,-86.93302825214909
10984,-470.85015109169046
10985,73.14648277315189
10986,-688.3900989408
10987,392.4785675660408
10988,-328.6310374955381
10989,149.39160063469046
10990,321.79311476060576
10991,584.3930870450638
10992,206.75729570024868
10993,36.548225997008515
10994,-37.77828521118792
10995,-551.0517094651387
10996,-107.8512038775708
10997,-176.80602795353218
10998,-356.88949117318333
10999,418.41458411247856
11000,-26.13349601698296
11001,-213.90951362803082
11002,246.57978881987816
11003,-32.011024949712834
11004,-126.7325884958261
11005,26.914491557620266
11006,198.92197376295326
11007,-18.84355441470614
11008,-119.51484607642251
11009,-389.903760531075
11010,-149.5092860714794
11011,-308.96203021469483
11012,-478.7771604137538
11013,-616.7291412522806
11014,-25.89082961138473
11015,-133.17659031686304
11016,-633.0587252293218
11017,-32.26329474560687
11018,28.795819581694005
11019,-290.0013236406616
11020,-168.02496539200206
11021,-173.84102001973883
11022,107.27955415166507
11023,278.32878520700103
11024,164.73665181591338
11025,596.7860199506166
11026,737.7802177171237
11027,-57.04439870388724
11028,-20.38191302788492
11029,193.11140830024624
11030,150.95242220368146
11031,-340.8779258558676
11032,207.5565702465384
11033,-27.674726125892086
11034,-146.95165736571371
11035,-121.88066829612626
11036,144.47950532989194
11037,333.2095316788967
11038,-452.51312096804617
11039,-208.53684674422277
11040,265.84494752360973
11041,-86.19645950050128
11042,-456.0106179223641
11043,-377.73004720142774
11044,277.5566889704554
11045,-98.2881655686449
11046,-258.67741823285155
11047,508.5130216465926
11048,-27.829466767414146
11049,-397.838225224188
11050,27.294231548042717
11051,55.46090696291166
11052,86.52443961502715
11053,-417.71826706416664
11054,265.0746921743703
11055,126.4953798005734
11056,-731.2337998933456
11057,26.76852907043185
11058,15.172424965472857
11059,603.1491770539618
11060,-68.51036908576076
11061,-630.1588497389273
11062,391.4398950451706
11063,191.26739771271488
11064,-82.79915889804539
11065,874.279835571684
11066,130.10220965607994
11067,24.82525762983846
11068,10.015684555530584
11069,407.5535519509865
11070,184.9337224498371
11071,699.4013403550853
11072,12.87418217124835
11073,-569.7950312054746
11074,-60.618267530272846
11075,-96.5894429258621
11076,19.660708357383925
11077,30.225969050066084
11078,-107.06858214835698
11079,-23.44815302330882
11080,-16.563489755114546
11081,18.76731799858584
11082,145.95038182220628
11083,-428.1027566009211
11084,-158.17477611037359
11085,-44.37808089678836
11086,-411.2997705448307
11087,218.4210180820251
11088,141.24530784475292
11089,316.63475597059147
11090,93.68023982535533
11091,154.1640540256552
11092,-132.92025023590952
11093,-293.8735713953077
11094,485.30634558787733
11095,-271.2294815068557
11096,373.383147178434
11097,-359.66959875632995
11098,-459.99230445069554
11099,209.05369852328326
11100,46.74008351487686
11101,-767.8965435991793
11102,-153.96946682570632
11103,-66.68289246156868
11104,-15.94403508088763
11105,16.07598434499993
11106,157.0389367015743
11107,585.6578635592917
11108,-259.6381059793938
11109,264.4864666930862
11110,171.55865069952864
11111,182.06572554508426
11112,-336.88337336089086
11113,-403.2385387031551
11114,114.57772510795715
11115,161.8364434963889
11116,-628.0447010001051
11117,242.01175305538752
11118,362.86303611765413
11119,60.713706404243744
11120,-359.31123121325953
11121,-379.0818795057262
11122,237.83778494978884
11123,-293.4175091399261
11124,-397.45137920298384
11125,159.58885605132713
11126,365.03747521359605
11127,-720.6128464897365
11128,500.16486577148515
11129,-11.265810006164138
11130,-69.3550150252373
11131,250.86562155967903
11132,-169.30678540802552
11133,120.43720692692648
11134,-39.95315782539332
11135,-520.8790659997454
11136,-631.1061053453737
11137,-189.45128724586846
11138,73.57078736644445
11139,39.63813193628225
11140,-459.8374387751047
11141,4.029071723496059
11142,-197.44889965681767
11143,62.38974256914585
11144,-186.4453523692705
11145,-133.60822019560212
11146,305.02297895286523
11147,-46.022467592146015
11148,-42.28147598500783
11149,-174.61342313978085
11150,-221.8174242781671
11151,-177.58255371476795
11152,-1.6457791602114475
11153,92.19561472892664
11154,380.6366433481245
11155,5.176285533507879
11156,-43.26413786036103
11157,138.56909768313477
11158,-644.2373399718074
11159,-264.0526485409817
11160,388.0771113359528
11161,-314.57550396753174
11162,68.59577885369839
11163,313.9025059586702
11164,-174.1363800055007
11165,75.24506091716614
11166,-48.300496534791534
11167,366.3281349305429
11168,-300.9531752245193
11169,52.29547497280731
11170,199.76450852884605
11171,-291.45213888117775
11172,-221.25525714195123
11173,-347.63373665011346
11174,-203.1697372256601
11175,-377.9229754446048
11176,-39.05990123872187
11177,-27.657708986923396
11178,-4.840069011084382
11179,387.6931701816728
11180,173.0752110086164
11181,932.2704016789726
11182,-79.75948934966306
11183,140.83197737225075
11184,39.68402985812705
11185,443.5242080443139
11186,342.3599487202399
11187,-137.85795258406276
11188,596.3305304911731
11189,207.6469264235078
11190,-628.7444696897281
11191,498.5177064988454
11192,-157.93924874004935
11193,351.1078397657425
11194,21.7113335355994
11195,-147.85882005549337
11196,204.57246274928224
11197,29.474618249413894
11198,121.43392964124502
11199,-565.6199353865652
11200,-229.6105869585279
11201,-46.80447710874239
11202,686.9993413504843
11203,-439.37600813835775
11204,-564.3067809262279
11205,-449.4452387206123
11206,-187.01337557795364
11207,63.71447075230671
11208,226.53217961129127
11209,-238.26195886607655
11210,8.03175266796677
11211,-360.6886941851464
11212,-123.99311613868815
11213,-388.86461946300426
11214,21.0258626314463
11215,-301.50187125630487
11216,215.87740831289602
11217,403.5102100498002
11218,435.6976033569272
11219,-107.10092088372224
11220,186.04692078373643
11221,347.5694847398059
11222,258.81395911530467
11223,-431.3756614817945
11224,-169.35938198101977
11225,106.38668004303943
11226,11.406343347778943
11227,362.596204029565
11228,-602.2073540911483
11229,707.5559184457964
11230,202.17491878205496
11231,-50.33711976765575
11232,-170.32942345324898
11233,-33.31137090394934
11234,194.42983492011606
11235,-358.5893509674067
11236,-212.26535326917846
11237,-291.4211038222635
11238,295.5576189497122
11239,-278.9733872730834
11240,23.653653300110307
11241,-64.46361090683914
11242,-550.5130672413404
11243,541.3432697524757
11244,95.0633304113121
11245,14.598207374632992
11246,108.60883519127088
11247,-390.97470911424375
11248,358.6664196609002
11249,-656.7373713546336
11250,39.621704040650584
11251,-112.1078139764187
11252,-3.996618183603915
11253,-399.34877852946727
11254,-189.94215830266825
11255,25.70500325461849
11256,-514.3423090508975
11257,42.90338899647169
11258,-18.93265242156525
11259,-109.3230964996577
11260,-32.89909171394726
11261,-543.8120026538546
11262,402.37108703096897
11263,36.244315379427064
11264,228.3040758000947
11265,346.38302227713746
11266,-401.22270699068577
11267,54.05719773136549
11268,6.862233348083108
11269,-3.812080565893326
11270,-445.45149197388844
11271,162.08751874326904
11272,176.36752501387195
11273,-516.9719819284379
11274,189.993160093489
11275,-164.45712796519368
11276,174.20994712832874
11277,-510.0297763148849
11278,174.78488510987245
11279,-352.74632432728424
11280,-145.4609770896173
11281,456.9718611706632
11282,-463.5148906726289
11283,-363.5842764043932
11284,-157.84808228490297
11285,-195.3606096202619
11286,152.04068775685596
11287,-197.09226766881727
11288,36.48096536872001
11289,993.2248779784704
11290,-387.0287931868163
11291,-6.616510882802651
11292,-272.068860885841
11293,-138.59954551011188
11294,-105.03944861260004
11295,-21.529524404723702
11296,91.0571991502303
11297,-65.79119714947242
11298,164.47287710093545
11299,-17.99782702746444
11300,783.8866597139149
11301,-339.2311247243133
11302,-196.48456361783494
11303,357.2184954096833
11304,186.31062521156846
11305,138.09410368403218
11306,-11.632461477737479
11307,175.80916373420317
11308,-224.6173498323624
11309,68.85579641186746
11310,201.21113139003904
11311,257.8711428771627
11312,-432.8705595172991
11313,-893.9998008184411
11314,671.8650784658593
11315,-143.3726491912165
11316,622.2386586662828
11317,179.3844262904716
11318,553.7744088919071
11319,133.39922116403898
11320,-278.7634418316658
11321,-316.62804095298515
11322,503.41566288266733
11323,282.687135996657
11324,-192.34979075415202
11325,-266.50621593517457
11326,28.442092691972988
11327,-502.81066448893574
11328,-284.89716781774086
11329,334.325396102706
11330,131.85559421631186
11331,-163.06900527507003
11332,207.69781044505228
11333,84.5377553554179
11334,26.25962906610335
11335,-255.92213730636658
11336,51.282902742481895
11337,-102.04962146231404
11338,160.43430410628548
11339,285.3933559563098
11340,-58.840964521681514
11341,103.1053491066595
11342,-294.31129301873455
11343,376.907490778275
11344,69.8018669339695
11345,866.0001885226106
11346,-39.372896580539155
11347,64.61420289331761
11348,-169.65603416906674
11349,-545.1873976320019
11350,-61.76963684753771
11351,-497.32028453380724
11352,462.2911105292891
11353,-153.26914250955514
11354,-206.00694145910458
11355,-139.67967903899964
11356,-86.3160350000845
11357,589.4439429065612
11358,213.39162365467195
11359,160.84269205249933
11360,189.14311879095607
11361,-353.62333168120466
11362,-195.46146888135016
11363,-130.970487847571
11364,-411.89784821070907
11365,339.5361109610369
11366,278.7080285787573
11367,262.53933089099496
11368,-182.31524737856017
11369,312.5925398843072
11370,292.5069660284915
11371,-191.39812913021558
11372,97.19896589042884
11373,-323.0624519693483
11374,-641.6335236830937
11375,34.40431778594149
11376,332.6146395449397
11377,374.39429080114326
11378,79.74057443698266
11379,-175.6645414801173
11380,161.8497799905453
11381,247.70962726908027
11382,90.73858219235987
11383,406.919542782726
11384,-128.29338404491503
11385,131.27330755535684
11386,729.309441627626
11387,721.9516507762648
11388,-177.94000063372545
11389,709.5229020169681
11390,68.44182794627667
11391,-488.0481067137062
11392,152.7459391461755
11393,-239.25028478333599
11394,-147.28095714479647
11395,-45.208318575647056
11396,-222.12449344542776
11397,-332.615283881919
11398,-119.36737582300461
11399,411.59761537416585
11400,165.38288375398906
11401,488.2754656867214
11402,224.14489930098816
11403,57.12319327873928
11404,264.665020197873
11405,-126.75098294470853
11406,-376.2060205940087
11407,48.791373917785506
11408,420.1980640051415
11409,-415.55963971310894
11410,-45.07267871498884
11411,-169.48557453543256
11412,744.9633226613829
11413,-534.1845713199518
11414,-151.03112809100912
11415,577.9358654693673
11416,46.726387390609105
11417,311.5540818056214
11418,357.3063765881062
11419,265.41273843983896
11420,-253.59736902535175
11421,-473.88134405003206
11422,12.688444605875588
11423,-132.56426690048852
11424,72.47381920347898
11425,217.4358052292244
11426,-335.7785201122081
11427,-262.2046244768527
11428,95.5169832091016
11429,-209.18192024536086
11430,456.63567349234364
11431,308.43056019746655
11432,-28.853731125681193
11433,-358.5178471510817
11434,128.31172677442657
11435,145.62472438145937
11436,95.667008034184
11437,268.2835409130822
11438,-466.9244162464654
11439,-314.3209496912701
11440,344.74066488627835
11441,220.70755813671065
11442,-578.4755239012416
11443,174.80907811479517
11444,399.9414839607342
11445,732.6720966332531
11446,667.3027303329167
11447,-63.09651298271993
11448,245.90652202892105
11449,21.73019301949127
11450,-248.6526404247257
11451,-197.04075505173944
11452,-282.0464722650835
11453,-81.15238925755511
11454,52.36536160378585
11455,-2.257126778134194
11456,-758.8756116063798
11457,213.4914591224899
11458,-169.2714782639751
11459,184.7202886520138
11460,256.56430497475316
11461,-63.24889777651977
11462,-272.7178718373251
11463,135.79446347148956
11464,455.78074339530747
11465,-129.35637652171835
11466,62.87337039221935
11467,-386.85293789480465
11468,267.2276588361117
11469,287.24118692262965
11470,-52.09972865258615
11471,76.40695664839122
11472,-138.16215089738085
11473,203.55614864230648
11474,15.48871102026557
11475,-5.968082516968765
11476,-31.644142590968947
11477,221.5663023069252
11478,-687.0023182063177
11479,483.78422314354174
11480,958.0223790880734
11481,191.5960609293117
11482,-58.589705574536346
11483,259.4623062040444
11484,-6.316757561911751
11485,-270.28846900008807
11486,-772.4642296251166
11487,-146.4633192619985
11488,-37.78146099301434
11489,331.55195758225017
11490,570.4745741117821
11491,-182.59989627575334
11492,-356.0940866069384
11493,84.14295121036386
11494,-115.72664179916666
11495,431.8983819954114
11496,-39.02760836085619
11497,28.16338306294844
11498,-54.06385343329404
11499,-259.9655378401635
11500,157.69687820480846
11501,-451.57353618095414
11502,482.556504868775
11503,242.55694520910149
11504,-588.113743809803
11505,81.01709689599491
11506,325.40673944403204
11507,-22.052235150655534
11508,-296.27850419733244
11509,299.0519135861383
11510,468.26993122394856
11511,-99.60746951487835
11512,5.278085447167775
11513,-101.94715017071016
11514,172.81543496339035
11515,-676.7207529529082
11516,-85.33458519818846
11517,117.5436957164821
11518,-83.62878738830528
11519,179.75562770163512
11520,-83.35296347452837
11521,-21.419178952217095
11522,292.124746243277
11523,-100.16396087765102
11524,-295.4450782425571
11525,-196.19961546096374
11526,-90.40349798566031
11527,-58.11412409491149
11528,-400.37934469764457
11529,236.32717532971498
11530,-312.00489053945074
11531,448.8990473727659
11532,202.73550507695387
11533,94.92875456289643
11534,60.247307917509694
11535,-149.43663249088468
11536,406.7833814658013
11537,600.8120265364335
11538,-23.26355946076376
11539,-565.3127069056472
11540,156.44069172561194
11541,648.6215466239554
11542,405.7197964687433
11543,261.80583136930113
11544,22.35608393501613
11545,238.41247473228927
11546,164.56802375270306
11547,-83.34674114858285
11548,209.7749198244935
11549,-198.97437741530752
11550,-78.73473210337352
11551,27.732488101923934
11552,450.3167950749105
11553,-78.31520558005123
11554,-267.6389063338027
11555,348.33187445465893
11556,-404.4550391740687
11557,330.0959394936932
11558,-532.9705587435977
11559,530.1667228331004
11560,-741.0568046410547
11561,478.64952344734206
11562,164.63187921356132
11563,-449.71075314712033
11564,-412.1148110783417
11565,219.12773907510723
11566,-378.68930950300455
11567,368.73338805453386
11568,37.33842695846806
11569,396.4934950040539
11570,-29.329794718535368
11571,35.475251839090646
11572,-267.29107555681406
11573,-417.34657979130935
11574,-250.30106527663742
11575,-228.95720009218684
11576,692.2513473375072
11577,-411.1573720657536
11578,482.32117888250144
11579,109.40386922308763
11580,547.620581513899
11581,179.8842650846932
11582,-521.5793101895105
11583,-0.5366722202078911
11584,-1.3108832742808267
11585,-248.05083145629618
11586,-243.06806182013295
11587,199.5673007517014
11588,381.3240432569332
11589,-393.16880388739776
11590,138.23245276134904
11591,34.24105569799026
11592,-4.629154614118819
11593,-151.8619312819598
11594,335.54637222709005
11595,-93.1452980827053
11596,507.7532186638971
11597,-355.4656205338216
11598,143.0897843816098
11599,137.9468840362708
11600,-151.04600604389748
11601,-19.601773692468626
11602,105.84882713406174
11603,-172.7851899812644
11604,482.12726370999883
11605,-267.5391741332561
11606,39.90555578613009
11607,-52.855796531075384
11608,-21.222446731207697
11609,155.37989346108506
11610,-96.0692778350151
11611,-163.1753040969979
11612,-180.3657397735517
11613,-264.67843452360034
11614,171.42795164643712
11615,-11.457713362940972
11616,239.99734190689594
11617,-39.849953838416454
11618,-211.74160655795853
11619,-354.16935617356467
11620,72.47946295208929
11621,306.8202044401931
11622,10.710238479162527
11623,-367.9516429972724
11624,280.9986782849001
11625,607.134278995202
11626,226.07866695707014
11627,565.9296380146842
11628,-147.76747216989915
11629,-314.0375602749055
11630,-180.04553525208985
11631,51.27097737987349
11632,-118.81984221413501
11633,-258.2606219427466
11634,-229.8371302020442
11635,200.3647586231535
11636,-348.0714175640102
11637,-584.8608659725469
11638,-4.929876831027301
11639,-163.44221481669896
11640,87.0275192985706
11641,41.56663504345321
11642,-494.89046377701595
11643,-60.887711202976874
11644,-173.55136971975102
11645,181.26452118021456
11646,-51.32570908677162
11647,43.95099730518115
11648,-517.9818134858789
11649,-355.5526669032846
11650,272.40216687734096
11651,490.63038344697304
11652,-37.23470686782157
11653,100.19178117716172
11654,32.2647431166707
11655,342.38399589459647
11656,-274.3839964056708
11657,-461.599480181838
11658,399.1178188156317
11659,59.94166241926697
11660,-119.02693796298027
11661,-281.70905159749077
11662,-127.62868444831952
11663,-556.5819101778268
11664,-79.37923441221744
11665,-84.28398755175033
11666,-212.8581543336196
11667,72.29858467981201
11668,-416.45899892038284
11669,-151.3927706678188
11670,-112.9432574665681
11671,-386.9976053679832
11672,553.3497133654187
11673,-80.93783458087222
11674,265.60516451201664
11675,498.0645050415464
11676,447.8834076769259
11677,-162.95338863409083
11678,121.20351520651892
11679,106.02342845843174
11680,340.50635541497405
11681,4.314416762780211
11682,-92.64783669165581
11683,-354.129577128836
11684,214.00747653242416
11685,-345.6914287422612
11686,-271.80220862911733
11687,426.3090773781541
11688,-37.75750717052193
11689,-180.46345723783588
11690,-97.582310788072
11691,347.82231323352835
11692,-237.01309080397732
11693,118.12311870118702
11694,681.4766679385026
11695,275.663344890928
11696,185.1648163995737
11697,-13.15936336731627
11698,274.0722474871899
11699,178.76102965588214
11700,-178.9803951614061
11701,391.8425175864851
11702,-308.9499410969792
11703,-324.8362159483897
11704,262.08713574306773
11705,398.521064094041
11706,-368.2548804329622
11707,-181.18251143785085
11708,-166.4134720874754
11709,68.98755258725306
11710,-249.49012878431506
11711,443.60337484329
11712,13.650459883849408
11713,-212.5303785237198
11714,-27.91541871223594
11715,-240.79982184571247
11716,-142.88309144793814
11717,-285.8343043909052
11718,460.63166868009404
11719,-225.10788029950743
11720,97.82651932861879
11721,350.58725687428444
11722,378.8238516684893
11723,-3.8848455252721132
11724,-260.94828856683756
11725,-64.56158617381618
11726,-270.60328416669273
11727,-569.4207476943725
11728,142.46838399487942
11729,228.1523179274691
11730,170.9058940527082
11731,-88.73300598116765
11732,179.58514596853001
11733,176.7868255604937
11734,-56.270574348240444
11735,-185.8725872968274
11736,100.44658731096892
11737,-63.66217954558684
11738,623.2061139971237
11739,-122.16898105378192
11740,-216.57264126812458
11741,-130.9809745007364
11742,-293.82665858937605
11743,167.9238436273011
11744,9.259507593414185
11745,-587.4956962603313
11746,304.7248094184767
11747,251.4635951168529
11748,-304.0609677452451
11749,108.04336957545905
11750,-218.67189979790194
11751,-105.13018388543576
11752,121.35633108715851
11753,-302.9640413485011
11754,529.6616399285897
11755,-224.55011115095397
11756,688.8598020995784
11757,121.62140840748346
11758,495.86330963740045
11759,-104.89700800321214
11760,-39.4036928277132
11761,-218.4339384089363
11762,-242.07542923760505
11763,328.4691736616501
11764,-121.57062322437449
11765,-351.96132723645644
11766,235.89654336008948
11767,211.84331613383523
11768,581.9859083831266
11769,-187.81685176717582
11770,-88.20353056281374
11771,-121.26318282161378
11772,-682.3449315356853
11773,-61.45599357158282
11774,69.0090413389826
11775,132.89487284698964
11776,41.64682074346402
11777,-513.1698248834691
11778,216.74344092334792
11779,-533.8087878872983
11780,-467.10306503157244
11781,39.69398965514697
11782,178.84483759017823
11783,-255.91268436083186
11784,468.6909720129376
11785,-959.1458675174449
11786,201.86251191588585
11787,-282.5687070757386
11788,-392.43495156660384
11789,-219.68775779803562
11790,169.5930226678115
11791,-21.895665769337143
11792,-242.2799222872573
11793,35.588860751346445
11794,336.44033353004545
11795,-63.3315203300067
11796,-4.446048273788933
11797,-312.31536571456087
11798,14.581415571943339
11799,-258.22351273455035
11800,725.8387913302856
11801,-303.82806462040116
11802,-726.1845220640333
11803,93.42268369441388
11804,92.7979825837213
11805,342.41232925067425
11806,856.1825394344166
11807,-54.883147062184435
11808,-213.13720641425414
11809,-365.0835488849496
11810,-733.4819620034947
11811,-206.0583819357781
11812,-418.27223526007947
11813,358.8044694709524
11814,-260.622345324668
11815,546.2345722587842
11816,187.44948665603064
11817,-22.03398290079535
11818,88.73051702341317
11819,-243.13847978487905
11820,-41.37966627895506
11821,-543.6240241200912
11822,840.8060354669702
11823,402.824221818665
11824,79.42070559550189
11825,473.3897942639653
11826,-57.64549004681715
11827,210.11286727244396
11828,-185.75745290109936
11829,22.769138003585027
11830,940.7468340773534
11831,-442.706667802157
11832,-475.24478225219457
11833,-339.9942839816208
11834,541.6463647301915
11835,333.49907956467496
11836,-765.4962533792767
11837,91.19318918087103
11838,164.45073228966388
11839,274.6128331227392
11840,263.18825389803783
11841,303.6223346767655
11842,-92.18952553795765
11843,208.9737133756832
11844,-170.03419050961702
11845,41.55819635804795
11846,-670.8313651099273
11847,452.6593777040705
11848,741.8102612544471
11849,420.55241150407323
11850,400.35300244817904
11851,-181.64239575564145
11852,162.04635840200615
11853,2.748093609334119
11854,534.6906446334302
11855,145.05936874351335
11856,245.63977352375443
11857,192.70633663605014
11858,486.5739863716485
11859,525.2699999852712
11860,172.00159142779148
11861,342.5619147140185
11862,-338.4488098951242
11863,99.97133504380415
11864,-176.90171781690242
11865,316.42601020393363
11866,-637.4632411206284
11867,74.53335736390228
11868,-319.6093541834512
11869,-234.07357196963406
11870,238.8317632455637
11871,684.2995158543805
11872,-273.3939469063449
11873,229.49387382849687
11874,-191.42805181835226
11875,591.73655090124
11876,-357.717076957868
11877,279.34920279935426
11878,16.385346982374962
11879,1015.2321071191641
11880,-44.24764867011615
11881,-259.12038484959925
11882,6.686312571180351
11883,113.41765950025528
11884,164.36906042910545
11885,-219.7909106431439
11886,-50.91215016522585
11887,234.69378482921525
11888,-225.7460471560142
11889,-124.56806112022974
11890,89.33080634586068
11891,-24.039822321154247
11892,949.8138509171492
11893,21.68529324294906
11894,-333.06691562171136
11895,51.635266771127846
11896,-328.7470589180701
11897,-622.2335618237707
11898,-406.8257232673684
11899,-126.38083816157132
11900,-298.35683404440965
11901,-494.63240273285027
11902,579.0223407583981
11903,170.42489512238222
11904,160.45127278901506
11905,-127.53245750921087
11906,116.51260749164075
11907,137.24483689523373
11908,-1.2351263056275321
11909,613.2508183966263
11910,435.23448086059415
11911,160.38696710023447
11912,-185.47388977035104
11913,188.64065599401124
11914,-610.5603513173614
11915,23.714657186399464
11916,-97.90469140459516
11917,-120.61345408597141
11918,353.0787173357883
11919,-18.442887505295516
11920,-120.28546893417432
11921,15.392910103857258
11922,185.80696804774522
11923,845.6527630055818
11924,349.45932877055964
11925,45.89263723696594
11926,-7.2379287510032535
11927,-164.7161708339595
11928,107.29963692985885
11929,-99.60009978114918
11930,48.61636926930447
11931,41.19970604370546
11932,661.6732170958691
11933,305.9589879497777
11934,500.4110755868318
11935,-231.16099217574467
11936,334.17773249932077
11937,-326.40234266325774
11938,-574.1806195838051
11939,148.54087270945178
11940,613.9878825912865
11941,184.52036741988564
11942,-216.10046725875645
11943,-616.0735283229865
11944,127.46984067427093
11945,-96.88155439275064
11946,-167.71203784394447
11947,-349.9469948861921
11948,6.6148671269290835
11949,543.2797064068866
11950,-362.7810314683399
11951,-330.05741949466506
11952,347.0145487363184
11953,526.4307732934478
11954,-69.34252030456915
11955,368.08942932477476
11956,381.72371964173925
11957,345.85284032808585
11958,-204.6898131886222
11959,157.89721831896554
11960,-967.383364217912
11961,527.9548197579932
11962,-338.849605785956
11963,609.1811386017577
11964,381.1166205898
11965,-18.351583240229957
11966,-92.24291830783173
11967,-166.0868655161455
11968,-173.93959945806205
11969,-221.13734204317635
11970,-228.37612245128585
11971,198.06160680946027
11972,-713.0064769343045
11973,-89.6818647418331
11974,-480.0045701677823
11975,-271.73339592270077
11976,565.3236399366724
11977,96.11148263233136
11978,178.61335856961423
11979,-61.174332454704796
11980,-368.69168724005806
11981,4.847746578177232
11982,414.41382134440147
11983,-760.3183167930524
11984,84.91271532686001
11985,-251.8473255202894
11986,280.707584589521
11987,-391.25027825107736
11988,608.4991171703749
11989,-27.80846060721171
11990,-123.41411926925765
11991,-130.8292441940826
11992,18.55306889260052
11993,-433.16537587721444
11994,-303.7091261164655
11995,464.71525498508004
11996,496.485334467279
11997,-35.1354094157968
11998,-131.67918453438614
11999,417.26915462133337
